[
  {
    "model": "auth.permission",
    "pk": 45,
    "fields": {
      "name": "Peut valider une question : la rendre disponible pour tous.",
      "content_type": 11,
      "codename": "question_valider"
    }
  },
  {
    "model": "auth.group",
    "pk": 1,
    "fields": {
      "name": "Validateurs",
      "permissions": [
        45
      ]
    }
  },
  {
    "model": "am.utilisateur",
    "pk": 1,
    "fields": {
      "password": "pbkdf2_sha256$216000$XuKHcpMGB8xN$PLaAGu5fH1XuNODiqzhXuNocPNscuiXcGOrh+3HQCAM=",
      "last_login": "2021-02-13T12:37:59.865+01:00",
      "is_superuser": true,
      "username": "admin",
      "first_name": "",
      "last_name": "",
      "email": "guillaume.claus@worldonline.fr",
      "is_staff": true,
      "is_active": true,
      "date_joined": "2021-02-01T08:01:17.985+01:00",
      "groups": [],
      "user_permissions": []
    }
  },
  {
    "model": "am.utilisateur",
    "pk": 2,
    "fields": {
      "password": "pbkdf2_sha256$216000$39bxbODt4iGB$JzywU1mjKgd2bDrREkDiZW9faFUiPeYUj/XCIBtVAU4=",
      "last_login": "2021-02-15T16:37:37.678+01:00",
      "is_superuser": false,
      "username": "User 1",
      "first_name": "",
      "last_name": "",
      "email": "test@noserver.fr",
      "is_staff": false,
      "is_active": true,
      "date_joined": "2021-02-15T15:40:18.185+01:00",
      "groups": [],
      "user_permissions": []
    }
  },
  {
    "model": "am.utilisateur",
    "pk": 3,
    "fields": {
      "password": "",
      "last_login": "2021-02-15T16:37:37.678+01:00",
      "is_superuser": false,
      "username": "User 2",
      "first_name": "",
      "last_name": "",
      "email": "test2@noserver.fr",
      "is_staff": false,
      "is_active": true,
      "date_joined": "2021-02-15T15:40:18.185+01:00",
      "groups": [],
      "user_permissions": []
    }
  },
  {
    "model": "am.classe",
    "pk": 1,
    "fields": {
      "nom": "Classe 1",
      "nom_latex": "Classe 1",
      "annee": 2020,
      "enseignant": 2
    }
  },
  {
    "model": "am.classe",
    "pk": 2,
    "fields": {
      "nom": "Classe 2",
      "nom_latex": "Classe 2",
      "annee": 2020,
      "enseignant": 2
    }
  },
  {
    "model": "am.classe",
    "pk": 3,
    "fields": {
      "nom": "Classe 3",
      "nom_latex": "Classe 3",
      "annee": 2019,
      "enseignant": 2
    }
  },
  {
    "model": "am.classe",
    "pk": 4,
    "fields": {
      "nom": "Classe 4",
      "nom_latex": "Classe 4",
      "annee": 2020,
      "enseignant": 1
    }
  },
  {
    "model": "am.feuille",
    "pk": 1,
    "fields": {
      "classe": 1,
      "position": 1
    }
  },
  {
    "model": "am.feuille",
    "pk": 2,
    "fields": {
      "classe": 1,
      "position": 2
    }
  },
  {
    "model": "am.feuille",
    "pk": 3,
    "fields": {
      "classe": 3,
      "position": 1
    }
  },
  {
    "_comment": "not avalider, unordered, unused",
    "model": "am.question",
    "pk": 1,
    "fields": {
      "code": "Calculer\n\n \\vspace{2mm}\n$-56 \\div 8 =$\n \\vspace{2mm}",
      "auteur": 2,
      "avalider": false,
      "validee": false,
      "thumb_name": "question_000001.png"
    }
  },
  {
    "model": "am.question",
    "pk": 2,
    "fields": {
      "code": "Calculer:\n\n\\vspace{2mm}\n$-5-3=$ \n\\vspace{2mm}",
      "auteur": 2,
      "avalider": true,
      "validee": false,
      "thumb_name": "question_000002.png"
    }
  },
  {
    "model": "am.question",
    "pk": 3,
    "fields": {
      "code": "Calculer:\n\n\\vspace{2mm}\n$-2 \\times (-3) \\times 4=$ \n\\vspace{2mm}",
      "auteur": 2,
      "avalider": true,
      "validee": true,
      "thumb_name": "question_000003.png"
    }
  },
  {
    "model": "am.question",
    "pk": 4,
    "fields": {
      "code": "Calculer\n\n$ 2+0,3\\times 0,5$\n\n\\vspace{2mm}\n$=$ \n\\vspace{2mm}",
      "auteur": 2,
      "avalider": true,
      "validee": true,
      "thumb_name": "question_000004.png"
    }
  },
  {
    "model": "am.question",
    "pk": 5,
    "fields": {
      "code": "Quels sont les diviseurs de 13 ? \\vspace{10mm}",
      "auteur": 3,
      "avalider": false,
      "validee": false,
      "thumb_name": "question_000005.png"
    }
  },
  {
    "model": "am.question",
    "pk": 6,
    "fields": {
      "code": "Quels sont les diviseurs de 13 ? \\vspace{10mm}",
      "auteur": 3,
      "avalider": true,
      "validee": false,
      "thumb_name": "question_000006.png"
    }
  },
  {
    "model": "am.question",
    "pk": 7,
    "fields": {
      "code": "Quels sont les diviseurs de 13 ? \\vspace{10mm}",
      "auteur": 3,
      "avalider": true,
      "validee": true,
      "thumb_name": "question_000007.png"
    }
  },
  {
    "model": "am.questionorder",
    "pk": 1,
    "fields": {
      "question": 1,
      "theme": 3,
      "position": null
    }
  },
  {
    "model": "am.questionorder",
    "pk": 2,
    "fields": {
      "question": 2,
      "theme": 3,
      "position": 20.0
    }
  },
  {
    "model": "am.questionorder",
    "pk": 3,
    "fields": {
      "question": 3,
      "theme": 3,
      "position": 25.0
    }
  },
  {
    "model": "am.questionorder",
    "pk": 4,
    "fields": {
      "question": 4,
      "theme": 4,
      "position": 10.0
    }
  },
  {
    "model": "am.questionorder",
    "pk": 5,
    "fields": {
      "question": 1,
      "theme": 4,
      "position": 70.0
    }
  },
  {
    "model": "am.questionorder",
    "pk": 6,
    "fields": {
      "question": 5,
      "theme": 2,
      "position": 22.0
    }
  },
  {
    "model": "am.questionorder",
    "pk": 7,
    "fields": {
      "question": 6,
      "theme": 3,
      "position": 35.0
    }
  },
  {
    "model": "am.questionorder",
    "pk": 8,
    "fields": {
      "question": 7,
      "theme": 3,
      "position": 11.0
    }
  },
  {
    "model": "am.questionorder",
    "pk": 9,
    "fields": {
      "question": 1,
      "theme": 6,
      "position": null
    }
  },
  {
    "model": "am.questionposee",
    "pk": 12,
    "fields": {
      "seance": 1,
      "position": 2,
      "question": 3,
      "score": 0.8
    }
  },
  {
    "model": "am.questionposee",
    "pk": 3,
    "fields": {
      "seance": 2,
      "position": 4,
      "question": 3,
      "score": 0.2
    }
  },
  {
    "model": "am.questionposee",
    "pk": 11428,
    "fields": {
      "seance": 3,
      "position": 2,
      "question": 7,
      "score": 0.2
    }
  },
  {
    "model": "am.seance",
    "pk": 1,
    "fields": {
      "feuille": 1,
      "date": "2020-02-06",
      "position": 1
    }
  },
  {
    "model": "am.seance",
    "pk": 2,
    "fields": {
      "feuille": 1,
      "date": "2020-02-06",
      "position": 2
    }
  },
  {
    "model": "am.seance",
    "pk": 3,
    "fields": {
      "feuille": 2,
      "date": "2020-02-06",
      "position": 1
    }
  },
  {
    "model": "am.theme",
    "pk": 0,
    "fields": {
      "label": "Thèmes",
      "parent": null,
      "position": null
    }
  },
  {
    "model": "am.theme",
    "pk": 1,
    "fields": {
      "label": "Thème 1",
      "parent": 0,
      "position": 1
    }
  },
  {
    "model": "am.theme",
    "pk": 2,
    "fields": {
      "label": "Thème 2",
      "parent": 0,
      "position": 4
    }
  },
  {
    "model": "am.theme",
    "pk": 3,
    "fields": {
      "label": "Sous-thème 1.1",
      "parent": 1,
      "position": 1
    }
  },
  {
    "model": "am.theme",
    "pk": 4,
    "fields": {
      "label": "Sous-thème 2.1",
      "parent": 2,
      "position": 1
    }
  },
  {
    "model": "am.theme",
    "pk": 5,
    "fields": {
      "label": "Sous-thème 1.2",
      "parent": 1,
      "position": 2
    }
  },
  {
    "model": "am.theme",
    "pk": 6,
    "fields": {
      "label": "Inter Thème ",
      "parent": 0,
      "position": 3
    }
  },
  {
    "model": "am.latexmodel",
    "pk": -2,
    "fields": {
      "label": "Figure",
      "description": "Modèle pour exporter les figures seules",
      "type": "FI",
      "position": -2,
      "delete_tmp": false
    }
  },
  {
    "model": "am.latexmodel",
    "pk": -1,
    "fields": {
      "label": "Aperçu",
      "description": "Modèle pour générer les aperçus des questions",
      "type": "QU",
      "position": -1,
      "delete_tmp": false
    }
  },
  {
    "model": "am.latexmodel",
    "pk": 0,
    "fields": {
      "label": "En-tête",
      "description": "En-tête commun à tous les modèles",
      "type": "HE",
      "position": 1,
      "delete_tmp": false
    }
  },
  {
    "model": "am.latexmodel",
    "pk": 1,
    "fields": {
      "label": "Feuille",
      "description": "Modèle pour les feuilles d'exercices",
      "type": "FE",
      "position": 2,
      "delete_tmp": false
    }
  },
  {
    "model": "am.latexmodelpart",
    "pk": 1,
    "fields": {
      "model": 0,
      "type": "HE",
      "code": "  \\usepackage{arydshln}\n  \\usepackage[utf8]{inputenc}\n  \\usepackage[T1]{fontenc}\n  \\usepackage[pdftex,final]{graphicx} % avant babel\n  \\usepackage[frenchb]{babel}\n  \\usepackage{color}\n  \\usepackage{colortbl}   % couleurs dans les tableaux\n  \\usepackage{ifthen}\n  \\usepackage{mathrsfs}\n  \\usepackage{amsmath}\n  \\usepackage{amssymb}\n  \\usepackage{eurosym}\n  \\usepackage{setspace} % pour modifier l interligne\n  \\usepackage{tikz}\n  \\usepackage{txfonts} % pour \\varparallel\n  \\usepackage{xspace}\n  \\usepackage{tkz-tab}\n  \\everymath{\\displaystyle}\n% styles pour les figures tikz :\n    % style pour les grilles\n    \\tikzset{grille/.style={very thin,black!70}}\n    % style pour les axes\n    \\tikzset{axes/.style={>=stealth,->,thick}}\n    % styles pour remplissage\n    \\tikzset{remplis/.style={fill=black!70}}\n    % styles pour les courbes\n    \\tikzset{courbe/.style={thick,purple}}\n    \\tikzset{courbe2/.style={thick,blue}}\n    % style pour les vecteurs\n    \\tikzset{vecteur/.style={very thick,>=stealth,->,purple}}\n    \\tikzset{vecteur2/.style={very thick,>=stealth,->,blue}}\n    % pour les graph\n    \\tikzset{EdgeStyle/.append style = {->, bend left}}\n\n\n  \\newcommand{\\fig}[2][]{\n    \\ifthenelse\n        {\\equal{#1}{}}\n        {\\hspace*{\\fill}\\includegraphics[scale=.6]{#2}\\hspace*{\\fill}}\n        {\\hspace*{\\fill}\\includegraphics[#1]{#2}\\hspace*{\\fill}}\n    }\n  \\newcommand{\\code}[1]{\\vspace{-2mm}\n    \\begin{spacing}{0.8}\\footnotesize{\\fontfamily{cmss}\\selectfont%\n     \\begin{tabbing}#1\\end{tabbing}}\\normalsize\\end{spacing}}\n  \\newcommand{\\vecteur}[1]{\n    \\overrightarrow{#1}\n  }\n  \\newcommand{\\coord}[2]{\n    \\begin{pmatrix}#1\\\\#2\\end{pmatrix}\n  }\n%Pour les exercices à trous. utilisation : \\points{longueur}\n\\definecolor{gris}{gray}{0.5}\n\\newcommand{\\points}[1]\n  {\\raisebox{-.1cm}[4mm]{\\makebox[#1]{\\textcolor{gris}{\\dotfill}}}}\n\\newcommand{\\lignepoints}\n  {\\raisebox{-.1cm}[4mm]{}\\makebox[0pt]{}\\textcolor{gris}{\\dotfill}\\makebox[0pt]{}}\n% ensembles de nombres\n  \\newcommand{\\CC}{\\ensuremath{\\varmathbb{C}}}\n  \\newcommand{\\DD}{\\ensuremath{\\varmathbb{D}}}\n  \\newcommand{\\NN}{\\ensuremath{\\varmathbb{N}}}\n  \\newcommand{\\QQ}{\\ensuremath{\\varmathbb{Q}}}\n  \\newcommand{\\RR}{\\ensuremath{\\varmathbb{R}}}\n  \\newcommand{\\ZZ}{\\ensuremath{\\varmathbb{Z}}}\n% loi de probabilité\n  \\newcommand{\\ecarttype}[1]{\\sigma\\left(#1\\right)}\n  \\newcommand{\\variance}[1]{\\mathrm{V}\\left(#1\\right)}\n  \\newcommand{\\esperance}[1]{\\mathrm{E}\\left(#1\\right)}\n  \\newcommand{\\proba}[1]{\\mathrm{P}\\left(#1\\right)}\n  \\newcommand{\\binomiale}[2]{\\mathscr{B}\\left(#1;#2\\right)}\n  \\newcommand{\\bernoulli}[1]{\\mathscr{B}\\left(#1\\right)}\n  \\newcommand{\\exponentielle}[1]{\\mathscr{E}\\left(#1\\right)}\n  \\newcommand{\\normale}[2]{\\mathscr{N}\\left(#1;#2\\right)}\n  \\newcommand{\\uniforme}[2]{\\mathscr{U}\\left(\\left[#1;#2\\right]\\right)}\n% complexes\n  \\renewcommand{\\Re}[1]{\\ensuremath{\\mathcal{R}e\\left(#1\\right)}}\n  \\renewcommand{\\Im}[1]{\\ensuremath{\\mathcal{I}\\!m\\left(#1\\right)}}\n  \\newcommand{\\pgcd}{\\text{PGCD}}\n  \\DeclareMathSymbol{,}{\\mathord}{letters}{\"3B} % pour qu il n y ait pas d espace après une vigule en mode maths\n  \\graphicspath{{[[IMAGES_DIR]]}}\n  \\setlength{\\parindent}{0pt} % supprimer l indentation\n  \\pagestyle{empty}\n  \\setlength{\\textwidth}{19cm}\n  \\setlength{\\textheight}{28cm}\n  \\setlength{\\oddsidemargin}{-43.812pt}\n  \\setlength{\\marginparsep}{0pt}\n  \\setlength{\\marginparwidth}{0pt}\n  \\setlength{\\headsep}{\\baselineskip}\n  \\setlength{\\topmargin}{-80pt}\n  \\setlength{\\footskip}{0pt}\n% espace avant les \";\"\n\\makeatletter\n% commande adaptée à partir de celle donnée pour la factorielle dans\n% \\url{http://www.math.bme.hu/latex/magyar_pre_tug2004.pdf#page=28}\n\\def\\fixmathspacing#1#2#3{%\n\t\\def#1{#3}%\n\t\\expandafter\\addto\\csname \\expandafter\\ifx\n\t\\csname mathoptions@on\\endcsname\\relax% detect nath.sty\n\tcheck@mathfonts\\else mathoptions@on\\fi\\endcsname{%\n\t\t\\catcode`#212 \\mathcode`#2\"8000\n\t\t\\begingroup\\lccode`~`#2\\lowercase{\\endgroup\\def~}{#1}}\n\t}\n\\makeatother\n\\fixmathspacing{\\fixedsemicolon}{;}{\\mathclose{}\\mathpunct{}\\mathpunct{\\mathchar\"603B}}\n\\DeclareMathOperator{\\e}{e} % pour utiliser \\e pour l'exponentielle\n  % sauvegarde de la valeur par défaut\n  \\newlength{\\tabcolsepbkp}\n  \\setlength{\\tabcolsepbkp}{\\tabcolsep}\n% la largeur d'une question\n\\newlength{\\questionwidth}\n\\setlength{\\questionwidth}{37mm}"
    }
  },
  {
    "model": "am.latexmodelpart",
    "pk": 2,
    "fields": {
      "model": -1,
      "type": "QU",
      "code": "\\documentclass[a4paper,preview]{standalone}\n[[ENTETE]]\n\\begin{document}\n\\begin{tabular}{|@{\\hspace{.5mm}}c@{\\hspace{.5mm}}|}\n\\hline\n\\parbox[t]{3.7cm}{\\vspace{-6pt}[[QUESTION]]}\\\\\n\\hline\n\\end{tabular}\n\\end{document}"
    }
  },
  {
    "model": "am.latexmodelpart",
    "pk": 3,
    "fields": {
      "model": 1,
      "type": "QU",
      "code": "[[NOT_FIRST]]&[[END_NOT_FIRST]]\n\\parbox[t]{\\questionwidth}{\n\\vspace{-6pt}\n\\setlength{\\tabcolsep}{\\tabcolsepbkp}\n [[QUESTION]]\n\\setlength{\\tabcolsep}{1pt}}"
    }
  },
  {
    "model": "am.latexmodelpart",
    "pk": 4,
    "fields": {
      "model": 1,
      "type": "FE",
      "code": "\\documentclass[a4paper]{article}\n[[ENTETE]]\n\\setlength{\\tabcolsep}{1pt}\n\\begin{document}\n  Classe de  [[CLASSE]] \\hfill\n  {\\large \\textbf{Feuille d'activités mentales \\no [[NFEUILLE]]}}\n   \\hfill (G. Claus 2019)\n  \\vspace{0mm}\n  \\hrule\n  \\vspace{5mm}\n   Nom Prénom : \\makebox[10cm]{\\dotfill}\n\n  [[SEANCES]]\n\\end{document}"
    }
  },
  {
    "model": "am.latexmodelpart",
    "pk": 5,
    "fields": {
      "model": 1,
      "type": "SE",
      "code": "[[NOT_FIRST]]\\vspace*{5mm}[[END_NOT_FIRST]]\n\n\\begin{tabular}{*{5}{|c}|}\n \\hline\n[[QUESTIONS]]\\\\\n  \\hline\n\\end{tabular}\n"
    }
  },
  {
    "model": "am.latexmodelpart",
    "pk": 6,
    "fields": {
      "model": -2,
      "type": "FI",
      "code": "\\documentclass[preview]{standalone}\n[[ENTETE]]\n\\begin{document}\n[[FIGURE_CODE]]\n\\end{document}"
    }
  }
]
